name;essai;tube;fenetre;date;time;rep;user;dpi;width;height;surface0;surface1;sqrtSurface0;sqrtSurface1;length;radius;longueur_mm;diam_mm;surfwin_cm2;DRL_mm.cm2;Prof_cm;date_excl
Fourques_T4_L7_30.04.19_153415_3_md;Fourques;T4;L7;30.04.19;153415;3;md;300;2550;2310;5887491;3009;2426.415283;54.854351;301;3.957747;25.48466667;0.33509;422.25722;0.060353418;6.9;30/04/2019
Fourques_T4_L6_30.04.19_153300_3_md;Fourques;T4;L6;30.04.19;153300;3;md;300;2550;2310;5843580;46920;2417.349854;216.610245;6364;3.153378;538.8186667;0.26699;422.25722;1.276043703;20.7;30/04/2019
Fourques_T4_L5_30.04.19_153105_3_md;Fourques;T4;L5;30.04.19;153105;3;md;300;2550;2310;5667972;222528;2380.750244;471.728729;27695;3.352889;2344.843333;0.28388;422.25722;5.553116021;34.6;30/04/2019
Fourques_T4_L4_30.04.19_152922_3_md;Fourques;T4;L4;30.04.19;152922;3;md;300;2550;2310;5746019;144481;2397.085449;380.106567;19505;3.2762;1651.423333;0.27738;422.25722;3.910941614;48.4;30/04/2019
Fourques_T4_L3_30.04.19_152537_3_md;Fourques;T4;L3;30.04.19;152537;3;md;300;2550;2310;5861177;29323;2420.986816;171.239594;4011;3.274336;339.598;0.27723;422.25722;0.804244389;62.2;30/04/2019
Fourques_T4_L2_30.04.19_152225_3_md;Fourques;T4;L2;30.04.19;152225;3;md;300;2550;2310;5888352;2148;2426.592773;46.346519;352;2.782178;29.80266667;0.23556;422.25722;0.070579413;76.1;30/04/2019
Fourques_T4_L1_30.04.19_152023_3_md;Fourques;T4;L1;30.04.19;152023;3;md;300;2550;2310;5843918;46582;2417.419678;215.828629;7009;3.056426;593.4286667;0.25878;422.25722;1.405372457;89.9;30/04/2019
Fourques_T3_L7_30.04.19_151438_3_md;Fourques;T3;L7;30.04.19;151438;3;md;300;2550;2310;5890500;0;2427.035156;0;0;nan;0;#VALEUR!;422.25722;0;6.9;30/04/2019
Fourques_T3_L7_30.04.19_121757_6_md;Fourques;T3;L7;30.04.19;121757;6;md;300;2550;2310;5867759;22741;2422.345703;150.801193;2764;3.520129;234.0186667;0.29804;422.25722;0.554208799;6.9;30/04/2019
Fourques_T3_L7_17.04.19_123203_5_md;Fourques;T3;L7;17.04.19;123203;5;md;300;2550;2310;5870869;19631;2422.987549;140.110672;2272;3.640471;192.3626667;0.30823;422.25722;0.455558029;6.9;17/04/2019
Fourques_T3_L7_14.05.19_101432_8_md;Fourques;T3;L7;14.05.19;101432;8;md;300;2550;2310;5866263;24237;2422.036865;155.682373;3149;3.304749;266.6153333;0.2798;422.25722;0.631405032;6.9;14/05/2019
Fourques_T3_L7_06.06.19_164919_10_md;Fourques;T3;L7;06.06.19;164919;10;md;300;2550;2310;5884697;5803;2425.839355;76.177422;1081;2.559322;91.52466667;0.21669;422.25722;0.216750981;6.9;06/06/2019
FOURQUES_T3_L7_06.03.19_110321_1_gm;FOURQUES;T3;L7;06.03.19;110321;1;gm;300;2550;2310;5885205;5295;2425.944092;72.766754;562;3.973214;47.58266667;0.3364;422.25722;0.112686449;6.9;06/03/2019
Fourques_T3_L7_05.04.19_102756_3_md;Fourques;T3;L7;05.04.19;102756;3;md;300;2550;2310;5883855;6645;2425.665771;81.516869;830;3.456853;70.27333333;0.29268;422.25722;0.166423047;6.9;05/04/2019
Fourques_T3_L6_30.04.19_151310_3_md;Fourques;T3;L6;30.04.19;151310;3;md;300;2550;2310;5889748;752;2426.880371;27.422619;84;2.592592;7.112;0.21951;422.25722;0.016842814;20.7;30/04/2019
Fourques_T3_L6_30.04.19_121644_6_md;Fourques;T3;L6;30.04.19;121644;6;md;300;2550;2310;5841349;49151;2416.888184;221.700241;8129;2.78545;688.2553333;0.23583;422.25722;1.629943316;20.7;30/04/2019
Fourques_T3_L6_17.04.19_123054_5_md;Fourques;T3;L6;17.04.19;123054;5;md;300;2550;2310;5848137;42363;2418.292236;205.822739;6325;3.008631;535.5166667;0.25473;422.25722;1.268223825;20.7;17/04/2019
Fourques_T3_L6_14.05.19_101320_8_md;Fourques;T3;L6;14.05.19;101320;8;md;300;2550;2310;5850574;39926;2418.795898;199.814911;6528;2.805901;552.704;0.23757;422.25722;1.308927293;20.7;14/05/2019
Fourques_T3_L6_06.06.19_164815_10_md;Fourques;T3;L6;06.06.19;164815;10;md;300;2550;2310;5877438;13062;2424.342773;114.289108;2200;2.714702;186.2666667;0.22984;422.25722;0.44112133;20.7;06/06/2019
FOURQUES_T3_L6_06.03.19_110156_1_gm;FOURQUES;T3;L6;06.03.19;110156;1;gm;300;2550;2310;5854820;35680;2419.673584;188.89151;4079;3.838372;345.3553333;0.32498;422.25722;0.817879049;20.7;06/03/2019
Fourques_T3_L6_05.04.19_102635_3_md;Fourques;T3;L6;05.04.19;102635;3;md;300;2550;2310;5837736;52764;2416.140625;229.704163;7643;3.103972;647.1073333;0.2628;422.25722;1.532495604;20.7;05/04/2019
Fourques_T3_L5_30.04.19_151203_3_md;Fourques;T3;L5;30.04.19;151203;3;md;300;2550;2310;5862413;28087;2421.241943;167.591766;3677;3.259979;311.3193333;0.27601;422.25722;0.737274151;34.6;30/04/2019
Fourques_T3_L5_30.04.19_121532_6_md;Fourques;T3;L5;30.04.19;121532;6;md;300;2550;2310;5816432;74068;2411.728027;272.154358;11446;2.955042;969.0946667;0.25019;422.25722;2.295033976;34.6;30/04/2019
Fourques_T3_L5_17.04.19_122947_5_md;Fourques;T3;L5;17.04.19;122947;5;md;300;2550;2310;5796860;93640;2407.666992;306.006531;13472;3.144075;1140.629333;0.2662;422.25722;2.70126662;34.6;17/04/2019
Fourques_T3_L5_14.05.19_101208_8_md;Fourques;T3;L5;14.05.19;101208;8;md;300;2550;2310;5824749;65751;2413.45166;256.419586;10831;2.831008;917.0246667;0.23969;422.25722;2.171720514;34.6;14/05/2019
Fourques_T3_L5_06.06.19_164656_10_md;Fourques;T3;L5;06.06.19;164656;10;md;300;2550;2310;5852198;38302;2419.131592;195.708969;6434;2.768947;544.7453333;0.23444;422.25722;1.290079382;34.6;06/06/2019
FOURQUES_T3_L5_06.03.19_110030_1_gm;FOURQUES;T3;L5;06.03.19;110030;1;gm;300;2550;2310;5799032;91468;2408.11792;302.436768;9699;4.197531;821.182;0.35539;422.25722;1.944743538;34.6;06/03/2019
Fourques_T3_L5_05.04.19_102526_3_md;Fourques;T3;L5;05.04.19;102526;3;md;300;2550;2310;5800377;90123;2408.397217;300.204926;11933;3.367581;1010.327333;0.28512;422.25722;2.392682198;34.6;05/04/2019
Fourques_T3_L4_30.04.19_150639_3_md;Fourques;T3;L4;30.04.19;150639;3;md;300;2550;2310;5882707;7793;2425.429199;88.277969;1052;3.268482;89.06933333;0.27673;422.25722;0.2109362;48.4;30/04/2019
Fourques_T3_L4_30.04.19_121403_6_md;Fourques;T3;L4;30.04.19;121403;6;md;300;2550;2310;5807701;82799;2409.917236;287.748169;12021;3.085179;1017.778;0.26121;422.25722;2.410327051;48.4;30/04/2019
Fourques_T3_L4_17.04.19_122833_5_md;Fourques;T3;L4;17.04.19;122833;5;md;300;2550;2310;5802879;87621;2408.916504;296.008453;11592;3.34078;981.456;0.28285;422.25722;2.324308392;48.4;17/04/2019
Fourques_T3_L4_14.05.19_101052_8_md;Fourques;T3;L4;14.05.19;101052;8;md;300;2550;2310;5817501;72999;2411.949707;270.183258;11314;2.90396;957.9186667;0.24587;422.25722;2.268566697;48.4;14/05/2019
Fourques_T3_L4_06.06.19_164543_10_md;Fourques;T3;L4;06.06.19;164543;10;md;300;2550;2310;5849039;41461;2418.47876;203.619751;6778;2.83715;573.8706667;0.24021;422.25722;1.359054717;48.4;06/06/2019
FOURQUES_T3_L4_06.03.19_105919_1_gm;FOURQUES;T3;L4;06.03.19;105919;1;gm;300;2550;2310;5873161;17339;2423.460449;131.677643;1941;4.188329;164.338;0.35461;422.25722;0.389189319;48.4;06/03/2019
Fourques_T3_L4_05.04.19_102415_3_md;Fourques;T3;L4;05.04.19;102415;3;md;300;2550;2310;5840512;49988;2416.715088;223.579956;6516;3.399251;551.688;0.2878;422.25722;1.306521177;48.4;05/04/2019
Fourques_T3_L3_30.04.19_150440_3_md;Fourques;T3;L3;30.04.19;150440;3;md;300;2550;2310;5872890;17610;2423.404541;132.702682;2608;3.036415;220.8106667;0.25708;422.25722;0.522929286;62.2;30/04/2019
Fourques_T3_L3_30.04.19_121158_6_md;Fourques;T3;L3;30.04.19;121158;6;md;300;2550;2310;5781317;109183;2404.437012;330.428497;14689;3.312882;1243.668667;0.28049;422.25722;2.945286919;62.2;30/04/2019
Fourques_T3_L3_17.04.19_122727_5_md;Fourques;T3;L3;17.04.19;122727;5;md;300;2550;2310;5774767;115733;2403.074463;340.195526;14031;3.727184;1187.958;0.31557;422.25722;2.81335154;62.2;17/04/2019
Fourques_T3_L3_14.05.19_100938_8_md;Fourques;T3;L3;14.05.19;100938;8;md;300;2550;2310;5766935;123565;2401.444336;351.518127;17895;3.138191;1515.11;0.2657;422.25722;3.588121004;62.2;14/05/2019
Fourques_T3_L3_06.06.19_164419_10_md;Fourques;T3;L3;06.06.19;164419;10;md;300;2550;2310;5802213;88287;2408.77832;297.131287;14047;2.85315;1189.312667;0.24157;422.25722;2.816559695;62.2;06/06/2019
FOURQUES_T3_L3_06.03.19_105721_1_gm;FOURQUES;T3;L3;06.03.19;105721;1;gm;300;2550;2310;5890474;26;2427.029785;5.09902;0;nan;0;#VALEUR!;422.25722;0;62.2;06/03/2019
Fourques_T3_L3_05.04.19_102306_3_md;Fourques;T3;L3;05.04.19;102306;3;md;300;2550;2310;5814060;76440;2411.236084;276.477844;8517;3.918718;721.106;0.33178;422.25722;1.707741078;62.2;05/04/2019
Fourques_T3_L2_30.04.19_150328_3_md;Fourques;T3;L2;30.04.19;150328;3;md;300;2550;2310;5885242;5258;2425.95166;72.51207;862;2.728938;72.98266667;0.23105;422.25722;0.172839358;76.1;30/04/2019
Fourques_T3_L2_30.04.19_121049_6_md;Fourques;T3;L2;30.04.19;121049;6;md;300;2550;2310;5868979;21521;2422.597656;146.700378;3390;2.936656;287.02;0.24864;422.25722;0.679727868;76.1;30/04/2019
Fourques_T3_L2_17.04.19_122621_5_md;Fourques;T3;L2;17.04.19;122621;5;md;300;2550;2310;5873518;16982;2423.53418;130.315002;2349;3.254516;198.882;0.27555;422.25722;0.470997275;76.1;17/04/2019
Fourques_T3_L2_14.05.19_100828_8_md;Fourques;T3;L2;14.05.19;100828;8;md;300;2550;2310;5867085;23415;2422.206543;153.019608;3886;2.842382;329.0146667;0.24066;422.25722;0.779180677;76.1;14/05/2019
Fourques_T3_L2_06.06.19_164318_10_md;Fourques;T3;L2;06.06.19;164318;10;md;300;2550;2310;5875631;14869;2423.969971;121.938507;2744;2.59209;232.3253333;0.21946;422.25722;0.550198605;76.1;06/06/2019
Fourques_T3_L2_06.06.19_164150_10_md;Fourques;T3;L2;06.06.19;164150;10;md;300;2550;2310;5875553;14947;2423.954102;122.257927;2782;2.59396;235.5426667;0.21962;422.25722;0.557817973;76.1;06/06/2019
FOURQUES_T3_L2_06.03.19_105557_1_gm;FOURQUES;T3;L2;06.03.19;105557;1;gm;300;2550;2310;5890500;0;2427.035156;0;0;nan;0;#VALEUR!;422.25722;0;76.1;06/03/2019
Fourques_T3_L2_05.04.19_102158_3_md;Fourques;T3;L2;05.04.19;102158;3;md;300;2550;2310;5884799;5701;2425.860352;75.504967;780;3.190909;66.04;0.27016;422.25722;0.156397563;76.1;05/04/2019
Fourques_T3_L1_30.04.19_150037_3_md;Fourques;T3;L1;30.04.19;150037;3;md;300;2550;2310;5878178;12322;2424.495361;111.004501;2144;2.70597;181.5253333;0.22911;422.25722;0.429892787;89.9;30/04/2019
Fourques_T3_L1_30.04.19_120932_6_md;Fourques;T3;L1;30.04.19;120932;6;md;300;2550;2310;5889243;1257;2426.776367;35.454197;167;3.51282;14.13933333;0.29742;422.25722;0.033485119;89.9;30/04/2019
Fourques_T3_L1_17.04.19_122439_5_md;Fourques;T3;L1;17.04.19;122439;5;md;300;2550;2310;5890122;378;2426.957275;19.442223;58;2.722222;4.910666667;0.23048;422.25722;0.011629562;89.9;17/04/2019
Fourques_T3_L1_14.05.19_100628_8_md;Fourques;T3;L1;14.05.19;100628;8;md;300;2550;2310;5888471;2029;2426.617188;45.044422;320;2.86;27.09333333;0.24215;422.25722;0.064163103;89.9;14/05/2019
Fourques_T3_L1_06.06.19_163358_10_md;Fourques;T3;L1;06.06.19;163358;10;md;300;2550;2310;5884359;6141;2425.769775;78.364532;882;3.275701;74.676;0.27734;422.25722;0.176849552;89.9;06/06/2019
FOURQUES_T3_L1_06.03.19_105443_1_gm;FOURQUES;T3;L1;06.03.19;105443;1;gm;300;2550;2310;5890500;0;2427.035156;0;0;nan;0;#VALEUR!;422.25722;0;89.9;06/03/2019
Fourques_T3_L1_05.04.19_101239_3_md;Fourques;T3;L1;05.04.19;101239;3;md;300;2550;2310;5890359;141;2427.006104;11.874342;0;nan;0;#VALEUR!;422.25722;0;89.9;05/04/2019
Fourques_T2_L7_05.04.19_101004_3_md;Fourques;T2;L7;05.04.19;101004;3;md;300;2550;2310;5888469;2031;2426.616699;45.066616;360;2.738095;30.48;0.23183;422.25722;0.07218349;6.9;05/04/2019
Fourques_T2_L6_17.04.19_122234_5_md;Fourques;T2;L6;17.04.19;122234;5;md;300;2550;2310;5889347;1153;2426.797607;33.955853;177;2.654546;14.986;0.22475;422.25722;0.035490216;20.7;17/04/2019
Fourques_T2_L6_14.05.19_100340_8_md;Fourques;T2;L6;14.05.19;100340;8;md;300;2550;2310;5889347;1153;2426.797607;33.955853;219;2.341772;18.542;0.19827;422.25722;0.043911623;20.7;14/05/2019
Fourques_T2_L6_06.06.19_163041_10_md;Fourques;T2;L6;06.06.19;163041;10;md;300;2550;2310;5890417;83;2427.018066;9.110434;0;nan;0;#VALEUR!;422.25722;0;20.7;06/06/2019
FOURQUES_T2_L6_06.03.19_105102_1_gm;FOURQUES;T2;L6;06.03.19;105102;1;gm;300;2550;2310;5883837;6663;2425.662109;81.627205;906;3.096639;76.708;0.26218;422.25722;0.181661784;20.7;06/03/2019
Fourques_T2_L6_05.04.19_100657_3_md;Fourques;T2;L6;05.04.19;100657;3;md;300;2550;2310;5887702;2798;2426.45874;52.896126;500;2.65625;42.33333333;0.2249;422.25722;0.100254848;20.7;05/04/2019
Fourques_T2_L5_17.04.19_122128_5_md;Fourques;T2;L5;17.04.19;122128;5;md;300;2550;2310;5823349;67151;2413.161621;259.135101;9561;3.065555;809.498;0.25955;422.25722;1.9170732;34.6;17/04/2019
Fourques_T2_L5_14.05.19_100219_8_md;Fourques;T2;L5;14.05.19;100219;8;md;300;2550;2310;5817266;73234;2411.900879;270.617798;11483;2.887466;972.2273333;0.24447;422.25722;2.302452835;34.6;14/05/2019
Fourques_T2_L5_06.06.19_162938_10_md;Fourques;T2;L5;06.06.19;162938;10;md;300;2550;2310;5844702;45798;2417.581787;214.004669;7582;2.758227;641.9426667;0.23353;422.25722;1.520264512;34.6;06/06/2019
FOURQUES_T2_L5_06.03.19_104939_1_gm;FOURQUES;T2;L5;06.03.19;104939;1;gm;300;2550;2310;5828128;62372;2414.151611;249.743866;7247;3.767606;613.5793333;0.31899;422.25722;1.453093764;34.6;06/03/2019
Fourques_T2_L5_05.04.19_100549_3_md;Fourques;T2;L5;05.04.19;100549;3;md;300;2550;2310;5807026;83474;2409.7771;288.918671;11526;3.16245;975.868;0.26775;422.25722;2.311074752;34.6;05/04/2019
Fourques_T2_L4_17.04.19_122019_5_md;Fourques;T2;L4;17.04.19;122019;5;md;300;2550;2310;5835387;55113;2415.654541;234.761581;8135;3.071875;688.7633333;0.26009;422.25722;1.631146374;48.4;17/04/2019
Fourques_T2_L4_14.05.19_100029_8_md;Fourques;T2;L4;14.05.19;100029;8;md;300;2550;2310;5828128;62372;2414.151611;249.743866;10347;2.879605;876.046;0.24381;422.25722;2.074673821;48.4;14/05/2019
Fourques_T2_L4_06.06.19_162823_10_md;Fourques;T2;L4;06.06.19;162823;10;md;300;2550;2310;5829963;60537;2414.531738;246.042679;9495;2.861957;803.91;0.24231;422.25722;1.90383956;48.4;06/06/2019
FOURQUES_T2_L4_06.03.19_104813_1_gm;FOURQUES;T2;L4;06.03.19;104813;1;gm;300;2550;2310;5852735;37765;2419.242676;194.332184;4102;4;347.3026667;0.33867;422.25722;0.822490772;48.4;06/03/2019
Fourques_T2_L4_05.04.19_100442_3_md;Fourques;T2;L4;05.04.19;100442;3;md;300;2550;2310;5840155;50345;2416.641357;224.376923;7201;3.102375;609.6846667;0.26267;422.25722;1.443870318;48.4;05/04/2019
Fourques_T2_L3_17.04.19_121854_5_md;Fourques;T2;L3;17.04.19;121854;5;md;300;2550;2310;5807000;83500;2409.771729;288.963654;10148;3.776933;859.1973333;0.31978;422.25722;2.034772391;62.2;17/04/2019
Fourques_T2_L3_14.05.19_095917_8_md;Fourques;T2;L3;14.05.19;95917;8;md;300;2550;2310;5828922;61578;2414.316162;248.149155;9608;3.059735;813.4773333;0.25906;422.25722;1.926497156;62.2;14/05/2019
Fourques_T2_L3_06.06.19_162709_10_md;Fourques;T2;L3;06.06.19;162709;10;md;300;2550;2310;5848212;42288;2418.307617;205.640457;6702;2.816866;567.436;0.23849;422.25722;1.34381598;62.2;06/06/2019
FOURQUES_T2_L3_06.03.19_104656_1_gm;FOURQUES;T2;L3;06.03.19;104656;1;gm;300;2550;2310;5890466;34;2427.02832;5.830952;0;nan;0;#VALEUR!;422.25722;0;62.2;06/03/2019
Fourques_T2_L3_05.04.19_100335_3_md;Fourques;T2;L3;05.04.19;100335;3;md;300;2550;2310;5865563;24937;2421.892334;157.914536;3150;3.615278;266.7;0.30609;422.25722;0.631605541;62.2;05/04/2019
Fourques_T2_L2_17.04.19_121741_5_md;Fourques;T2;L2;17.04.19;121741;5;md;300;2550;2310;5857130;33370;2420.150879;182.674576;4154;3.562378;351.7053333;0.30161;422.25722;0.832917276;76.1;17/04/2019
Fourques_T2_L2_14.05.19_095752_8_md;Fourques;T2;L2;14.05.19;95752;8;md;300;2550;2310;5859860;30640;2420.714844;175.042847;4968;2.891591;420.624;0.24482;422.25722;0.996132168;76.1;14/05/2019
Fourques_T2_L2_06.06.19_162605_10_md;Fourques;T2;L2;06.06.19;162605;10;md;300;2550;2310;5869098;21402;2422.62207;146.29422;3614;2.707855;305.9853333;0.22927;422.25722;0.72464204;76.1;06/06/2019
FOURQUES_T2_L2_06.03.19_104543_1_gm;FOURQUES;T2;L2;06.03.19;104543;1;gm;300;2550;2310;5890285;215;2426.990967;14.662878;55;2.095238;4.656666667;0.1774;422.25722;0.011028033;76.1;06/03/2019
Fourques_T2_L2_05.04.19_100222_3_md;Fourques;T2;L2;05.04.19;100222;3;md;300;2550;2310;5868624;21876;2422.524414;147.90538;2847;3.51831;241.046;0.29788;422.25722;0.570851104;76.1;05/04/2019
Fourques_T2_L1_17.04.19_121632_5_md;Fourques;T2;L1;17.04.19;121632;5;md;300;2550;2310;5876345;14155;2424.117432;118.974785;1671;3.702842;141.478;0.31351;422.25722;0.335051701;89.9;17/04/2019
Fourques_T2_L1_14.05.19_095615_8_md;Fourques;T2;L1;14.05.19;95615;8;md;300;2550;2310;5878414;12086;2424.544189;109.936348;1762;3.042945;149.1826667;0.25764;422.25722;0.353298084;89.9;14/05/2019
Fourques_T2_L1_06.06.19_162147_10_md;Fourques;T2;L1;06.06.19;162147;10;md;300;2550;2310;5876943;13557;2424.240723;116.434532;2191;2.80236;185.5046667;0.23727;422.25722;0.439316743;89.9;06/06/2019
FOURQUES_T2_L1_06.03.19_104429_1_gm;FOURQUES;T2;L1;06.03.19;104429;1;gm;300;2550;2310;5890156;344;2426.964355;18.547237;44;2.571429;3.725333333;0.21771;422.25722;0.008822427;89.9;06/03/2019
Fourques_T2_L1_05.04.19_100012_3_md;Fourques;T2;L1;05.04.19;100012;3;md;300;2550;2310;5875388;15112;2423.919922;122.930878;1832;3.623288;155.1093333;0.30677;422.25722;0.367333762;89.9;05/04/2019
Fourques_T1_L7_30.04.19_145701_3_md;Fourques;T1;L7;30.04.19;145701;3;md;300;2550;2310;5890375;125;2427.009521;11.18034;29;2;2.455333333;0.16933;422.25722;0.005814781;6.9;30/04/2019
Fourques_T1_L7_14.05.19_114333_8_md;Fourques;T1;L7;14.05.19;114333;8;md;300;2550;2310;5883592;6908;2425.611572;83.11438;1000;3.16996;84.66666667;0.26839;422.25722;0.200509696;6.9;14/05/2019
Fourques_T1_L6_30.04.19_145310_3_md;Fourques;T1;L6;30.04.19;145310;3;md;300;2550;2310;5881905;8595;2425.263916;92.709221;1302;2.833333;110.236;0.23989;422.25722;0.261063624;20.7;30/04/2019
Fourques_T1_L6_30.04.19_120514_6_md;Fourques;T1;L6;30.04.19;120514;6;md;300;2550;2310;5890500;0;2427.035156;0;0;nan;0;#VALEUR!;422.25722;0;20.7;30/04/2019
Fourques_T1_L6_17.04.19_121405_5_md;Fourques;T1;L6;17.04.19;121405;5;md;300;2550;2310;5889785;715;2426.887939;26.739485;150;2.069444;12.7;0.17521;422.25722;0.030076454;20.7;17/04/2019
Fourques_T1_L6_14.05.19_113905_8_md;Fourques;T1;L6;14.05.19;113905;8;md;300;2550;2310;5846186;44314;2417.888672;210.508911;7672;2.708505;649.5626667;0.22932;422.25722;1.538310385;20.7;14/05/2019
Fourques_T1_L6_14.05.19_095302_8_md;Fourques;T1;L6;14.05.19;95302;8;md;300;2550;2310;5890500;0;2427.035156;0;0;nan;0;#VALEUR!;422.25722;0;20.7;14/05/2019
Fourques_T1_L6_06.06.19_161940_10_md;Fourques;T1;L6;06.06.19;161940;10;md;300;2550;2310;5890500;0;2427.035156;0;0;nan;0;#VALEUR!;422.25722;0;20.7;06/06/2019
Fourques_T1_L6_05.04.19_095636_3_md;Fourques;T1;L6;05.04.19;95636;3;md;300;2550;2310;5869211;21289;2422.645508;145.907501;2504;3.449744;212.0053333;0.29208;422.25722;0.502076278;20.7;05/04/2019
Fourques_T1_L5_30.04.19_145004_3_md;Fourques;T1;L5;30.04.19;145004;3;md;300;2550;2310;5818771;71729;2412.212891;267.822693;9722;3.126984;823.1293333;0.26475;422.25722;1.949355261;34.6;30/04/2019
Fourques_T1_L5_30.04.19_120330_6_md;Fourques;T1;L5;30.04.19;120330;6;md;300;2550;2310;5830742;59758;2414.692871;244.454498;9751;2.831516;825.5846667;0.23974;422.25722;1.955170042;34.6;30/04/2019
Fourques_T1_L5_17.04.19_121250_5_md;Fourques;T1;L5;17.04.19;121250;5;md;300;2550;2310;5835015;55485;2415.577637;235.552536;8511;2.9303;720.598;0.2481;422.25722;1.70653802;34.6;17/04/2019
Fourques_T1_L5_14.05.19_113702_8_md;Fourques;T1;L5;14.05.19;113702;8;md;300;2550;2310;5846233;44267;2417.898438;210.397247;7898;2.607972;668.6973333;0.22081;422.25722;1.583625576;34.6;14/05/2019
Fourques_T1_L5_14.05.19_095146_8_md;Fourques;T1;L5;14.05.19;95146;8;md;300;2550;2310;5831267;59233;2414.801758;243.378311;9752;2.769178;825.6693333;0.23446;422.25722;1.955370552;34.6;14/05/2019
Fourques_T1_L5_06.06.19_161838_10_md;Fourques;T1;L5;06.06.19;161838;10;md;300;2550;2310;5858285;32215;2420.389404;179.485382;5137;2.762363;434.9326667;0.23388;422.25722;1.030018307;34.6;06/06/2019
Fourques_T1_L5_05.04.19_095525_3_md;Fourques;T1;L5;05.04.19;95525;3;md;300;2550;2310;5847293;43207;2418.117676;207.86293;6821;2.879004;577.5113333;0.24376;422.25722;1.367676634;34.6;05/04/2019
FOURQUES_T1_L5_05.03.19_155704_1_gm;FOURQUES;T1;L5;05.03.19;155704;1;gm;300;2550;2310;5869329;21171;2422.669922;145.502579;2798;3.385862;236.8973333;0.28667;422.25722;0.561026128;34.6;05/03/2019
Fourques_T1_L4_30.04.19_144608_3_md;Fourques;T1;L4;30.04.19;144608;3;md;300;2550;2310;5890172;328;2426.967773;18.110771;54;2.555556;4.572;0.21637;422.25722;0.010827524;48.4;30/04/2019
Fourques_T1_L4_30.04.19_120141_6_md;Fourques;T1;L4;30.04.19;120141;6;md;300;2550;2310;5817228;73272;2411.893066;270.688019;11642;2.802658;985.6893333;0.23729;422.25722;2.334333877;48.4;30/04/2019
Fourques_T1_L4_17.04.19_121137_5_md;Fourques;T1;L4;17.04.19;121137;5;md;300;2550;2310;5832758;57742;2415.110352;240.295654;8680;2.920881;734.9066667;0.2473;422.25722;1.740424158;48.4;17/04/2019
Fourques_T1_L4_14.05.19_113536_8_md;Fourques;T1;L4;14.05.19;113536;8;md;300;2550;2310;5761777;128723;2400.370117;358.779877;20409;2.904942;1727.962;0.24595;422.25722;4.092202378;48.4;14/05/2019
Fourques_T1_L4_14.05.19_094956_8_md;Fourques;T1;L4;14.05.19;94956;8;md;300;2550;2310;5814704;75796;2411.369629;275.31073;12498;2.721773;1058.164;0.23044;422.25722;2.505970176;48.4;14/05/2019
Fourques_T1_L4_06.06.19_161707_10_md;Fourques;T1;L4;06.06.19;161707;10;md;300;2550;2310;5846490;44010;2417.95166;209.785599;7415;2.658042;627.8033333;0.22505;422.25722;1.486779393;48.4;06/06/2019
Fourques_T1_L4_05.04.19_095401_3_md;Fourques;T1;L4;05.04.19;95401;3;md;300;2550;2310;5845869;44631;2417.823242;211.260498;6685;2.981071;565.9966667;0.2524;422.25722;1.340407315;48.4;05/04/2019
Fourques_T1_L4_05.04.19_095300_3_md;Fourques;T1;L4;05.04.19;95300;3;md;300;2550;2310;5845485;45015;2417.743896;212.167389;6745;2.995697;571.0766667;0.25364;422.25722;1.352437897;48.4;05/04/2019
FOURQUES_T1_L4_05.03.19_155555_1_gm;FOURQUES;T1;L4;05.03.19;155555;1;gm;300;2550;2310;5856633;33867;2420.048096;184.029892;4837;3.224252;409.5326667;0.27299;422.25722;0.969865398;48.4;05/03/2019
Fourques_T1_L3_30.04.19_144407_3_md;Fourques;T1;L3;30.04.19;144407;3;md;300;2550;2310;5888084;2416;2426.537354;49.152824;382;2.631148;32.34266667;0.22277;422.25722;0.076594704;62.2;30/04/2019
Fourques_T1_L3_30.04.19_115852_6_md;Fourques;T1;L3;30.04.19;115852;6;md;300;2550;2310;5815049;75451;2411.441162;274.683441;12244;2.895839;1036.658667;0.24518;422.25722;2.455040713;62.2;30/04/2019
Fourques_T1_L3_17.04.19_120414_5_md;Fourques;T1;L3;17.04.19;120414;5;md;300;2550;2310;5847653;42847;2418.192139;206.995163;6667;3.005233;564.4726667;0.25444;422.25722;1.336798141;62.2;17/04/2019
Fourques_T1_L3_14.05.19_113404_8_md;Fourques;T1;L3;14.05.19;113404;8;md;300;2550;2310;5689731;200769;2385.315674;448.07254;29960;2.983912;2536.613333;0.25264;422.25722;6.007270482;62.2;14/05/2019
Fourques_T1_L3_14.05.19_094846_8_md;Fourques;T1;L3;14.05.19;94846;8;md;300;2550;2310;5833938;56562;2415.354736;237.827667;9852;2.723153;834.136;0.23056;422.25722;1.975421522;62.2;14/05/2019
Fourques_T1_L3_06.06.19_161527_10_md;Fourques;T1;L3;06.06.19;161527;10;md;300;2550;2310;5850263;40237;2418.731689;200.591629;7059;2.633877;597.662;0.223;422.25722;1.415397942;62.2;06/06/2019
Fourques_T1_L3_05.04.19_095127_3_md;Fourques;T1;L3;05.04.19;95127;3;md;300;2550;2310;5870946;19554;2423.003418;139.835617;2857;3.037406;241.8926667;0.25717;422.25722;0.5728562;62.2;05/04/2019
FOURQUES_T1_L3_05.03.19_155442_1_gm;FOURQUES;T1;L3;05.03.19;155442;1;gm;300;2550;2310;5890493;7;2427.033691;2.645751;0;nan;0;#VALEUR!;422.25722;0;62.2;05/03/2019
Fourques_T1_L2_30.04.19_144254_3_md;Fourques;T1;L2;30.04.19;144254;3;md;300;2550;2310;5859353;31147;2420.610107;176.485123;4587;3.196774;388.366;0.27066;422.25722;0.919737974;76.1;30/04/2019
Fourques_T1_L2_30.04.19_115631_6_md;Fourques;T1;L2;30.04.19;115631;6;md;300;2550;2310;5802219;88281;2408.779541;297.121185;11343;3.371975;960.374;0.28549;422.25722;2.274381478;76.1;30/04/2019
Fourques_T1_L2_17.04.19_120208_5_md;Fourques;T1;L2;17.04.19;120208;5;md;300;2550;2310;5816820;73680;2411.80835;271.440613;8842;3.527237;748.6226667;0.29864;422.25722;1.772906729;76.1;17/04/2019
Fourques_T1_L2_14.05.19_113150_8_md;Fourques;T1;L2;14.05.19;113150;8;md;300;2550;2310;5498883;391617;2344.969727;625.793091;52630;3.202162;4456.006667;0.27112;422.25722;10.55282528;76.1;14/05/2019
Fourques_T1_L2_14.05.19_094730_8_md;Fourques;T1;L2;14.05.19;94730;8;md;300;2550;2310;5808858;81642;2410.157227;285.730652;11573;3.06501;979.8473333;0.2595;422.25722;2.320498708;76.1;14/05/2019
Fourques_T1_L2_06.06.19_161230_10_md;Fourques;T1;L2;06.06.19;161230;10;md;300;2550;2310;5819489;71011;2412.361816;266.478882;10074;2.967549;852.932;0.25125;422.25722;2.019934674;76.1;06/06/2019
Fourques_T1_L2_05.04.19_094949_3_md;Fourques;T1;L2;05.04.19;94949;3;md;300;2550;2310;5870672;19828;2422.947021;140.811935;2218;3.832618;187.7906667;0.32449;422.25722;0.444730505;76.1;05/04/2019
FOURQUES_T1_L2_05.03.19_155328_1_gm;FOURQUES;T1;L2;05.03.19;155328;1;gm;300;2550;2310;5886287;4213;2426.167236;64.907623;458;3.073171;38.77733333;0.2602;422.25722;0.091833441;76.1;05/03/2019
Fourques_T1_L1_30.04.19_144146_3_md;Fourques;T1;L1;30.04.19;144146;3;md;300;2550;2310;5869087;21413;2422.619873;146.331818;3316;2.979296;280.7546667;0.25225;422.25722;0.664890151;89.9;30/04/2019
Fourques_T1_L1_30.04.19_115338_6_md;Fourques;T1;L1;30.04.19;115338;6;md;300;2550;2310;5845691;44809;2417.786377;211.681366;5536;3.404575;468.7146667;0.28825;422.25722;1.110021675;89.9;30/04/2019
Fourques_T1_L1_17.04.19_120048_5_md;Fourques;T1;L1;17.04.19;120048;5;md;300;2550;2310;5864564;25936;2421.686279;161.04657;3135;3.386335;265.43;0.28671;422.25722;0.628597896;89.9;17/04/2019
Fourques_T1_L1_14.05.19_094614_8_md;Fourques;T1;L1;14.05.19;94614;8;md;300;2550;2310;5858534;31966;2420.440918;178.790375;4533;3.092783;383.794;0.26186;422.25722;0.90891045;89.9;14/05/2019
Fourques_T1_L1_06.06.19_161128_10_md;Fourques;T1;L1;06.06.19;161128;10;md;300;2550;2310;5853919;36581;2419.487305;191.261597;5200;2.966398;440.2666667;0.25116;422.25722;1.042650417;89.9;06/06/2019
Fourques_T1_L1_06.06.19_160913_10_md;Fourques;T1;L1;06.06.19;160913;10;md;300;2550;2310;5852533;37967;2419.200928;194.851227;5455;2.990897;461.8566667;0.25323;422.25722;1.09378039;89.9;06/06/2019
Fourques_T1_L1_05.04.19_094816_3_md;Fourques;T1;L1;05.04.19;94816;3;md;300;2550;2310;5882400;8100;2425.365967;90;1090;3.037152;92.28666667;0.25715;422.25722;0.218555568;89.9;05/04/2019
FOURQUES_T1_L1_05.03.19_155211_1_gm;FOURQUES;T1;L1;05.03.19;155211;1;gm;300;2550;2310;5889895;605;2426.910645;24.596748;120;2.111111;10.16;0.17874;422.25722;0.024061163;89.9;05/03/2019
